image,Blob
100_4.JPG,2
101_7.JPG,0
102_8.JPG,3
103_8.JPG,1
104_6.JPG,1
105_6.JPG,1
106_6.JPG,2
107_8.JPG,0
108_4.JPG,1
109_4.JPG,3
10_2.JPG,0
110_4.JPG,1
111_2.JPG,0
112_4.JPG,1
113_4.JPG,0
114_5.JPG,1
115_5.JPG,0
116_5.JPG,0
117_5.JPG,0
118_4.JPG,0
119_4.JPG,0
11_2.JPG,0
120_6.JPG,4
121_4.JPG,1
122_3.JPG,2
123_6.JPG,3
12_2.JPG,1
13_2.JPG,2
14_2.JPG,0
154_6.JPG,6
155_6.JPG,3
156_3.JPG,2
157_13.JPG,11
158_5.JPG,1
159_7.JPG,1
15_2.JPG,0
160_6.JPG,7
161_6.JPG,5
162_9.JPG,2
163_8.JPG,4
164_6.JPG,2
165_20.JPG,1
166_5.JPG,5
167_7.JPG,1
168_5.JPG,0
169_7.JPG,5
16_2.JPG,0
170_5.JPG,3
171_5.JPG,5
172_8.JPG,1
173_5.JPG,0
174_5.JPG,0
175_6.JPG,3
176_4.JPG,4
177_12.JPG,2
178_9.JPG,16
179_10.JPG,20
17_2.JPG,0
180_14.JPG,11
181_12.JPG,5
182_11.JPG,100
183_11.JPG,0
184_7.jpg,13
185_12.JPG,8
186_12.JPG,12
187_21.JPG,0
188_6.JPG,4
189_5.JPG,3
18_2.JPG,0
190_25.jpg,5
191_7.JPG,4
192_4.JPG,0
199_15.JPG,11
19_2.JPG,0
1_2.JPG,1
201_10.JPG,10
202_4.JPG,5
203_7.JPG,9
204_12.JPG,11
205_7.JPG,5
206_8.JPG,2
207_5.JPG,2
208_5.JPG,5
20_6.JPG,5
211_6.JPG,3
213_5.JPG,4
216_6.JPG,4
218_5.JPG,6
219_6.JPG,4
21_2.JPG,0
223_5.JPG,4
224_8.JPG,6
226_7.JPG,4
227_6.JPG,5
228_7.JPG,6
229_6.JPG,3
22_2.JPG,0
230_6.JPG,3
231_6.JPG,3
232_4.JPG,4
234_6.JPG,5
235_4.JPG,4
236_5.JPG,1
237_6.JPG,4
238_9.JPG,0
239_4.JPG,5
23_2.JPG,0
241_4.JPG,4
242_4.JPG,3
245_6.JPG,1
246_6.JPG,5
247_5.JPG,2
24_6.JPG,1
253_5.JPG,5
256_7.JPG,4
257_5.JPG,4
258_7.JPG,7
259_6.JPG,6
25_2.JPG,1
263_6.JPG,4
264_5.JPG,9
265_7.JPG,4
266_4.JPG,3
267_4.JPG,3
268_4.JPG,4
269_8.JPG,8
26_2.JPG,0
270_7.JPG,18
271_9.JPG,8
273_10.JPG,6
275_6.JPG,9
276_7.JPG,5
277_4.JPG,1
27_2.JPG,0
282_21.JPG,5
283_7.JPG,6
284_6.JPG,3
285_5.JPG,3
286_6.JPG,6
287_21.JPG,17
28_2.JPG,1
290_5.JPG,5
291_12.JPG,7
292_6.JPG,10
293_9.JPG,4
294_12.JPG,0
295_11.JPG,6
296_5.JPG,6
297_2.JPG,0
298_3.JPG,0
299_8.JPG,5
29_2.JPG,0
2_2.JPG,1
300_5.JPG,5
301_6.JPG,4
302_9.JPG,9
304_6.JPG,4
308_6.JPG,2
309_6.JPG,6
30_2.JPG,1
310_6.JPG,8
313_5.JPG,5
314_6.JPG,2
315_6.JPG,1
316_8.JPG,5
317_6.JPG,2
318_6.JPG,2
319_5.JPG,3
31_3.JPG,2
324_5.JPG,5
325_6.JPG,2
326_5.JPG,5
327_9.JPG,14
328_5.JPG,9
329_6.JPG,14
32_6.JPG,0
331_7.JPG,10
332_6.JPG,2
333_9.JPG,12
334_3.JPG,4
335_4.JPG,0
336_6.JPG,10
337_7.JPG,3
339_5.JPG,5
33_6.JPG,0
340_5.JPG,12
342_4.JPG,6
343_9.JPG,4
345_8.JPG,4
346_7.JPG,7
347_9.JPG,8
348_5.JPG,8
349_8.JPG,1
34_3.JPG,0
350_7.JPG,7
351_2.JPG,0
352_9.JPG,3
353_5.JPG,5
354_6.JPG,5
356_6.JPG,2
357_4.JPG,0
358_2.JPG,0
359_7.JPG,4
35_3.JPG,1
360_2.JPG,0
361_8.JPG,4
362_3.JPG,1
363_6.JPG,6
364_7.JPG,4
365_9.JPG,7
366_5.JPG,4
367_3.JPG,3
368_5.JPG,1
36_3.JPG,0
370_7.JPG,8
373_2.JPG,1
374_4.JPG,3
375_3.JPG,1
376_4.JPG,0
377_6.JPG,6
378_7.JPG,1
379_6.JPG,2
37_3.JPG,2
381_2.JPG,0
382_3.JPG,0
383_8.JPG,9
384_11.JPG,1
385_6.JPG,2
386_8.JPG,8
387_5.JPG,2
388_4.JPG,0
389_12.JPG,13
38_3.JPG,0
390_5.JPG,9
392_5.JPG,9
393_12.JPG,7
394_5.JPG,5
395_8.JPG,0
397_6.JPG,5
398_3.JPG,1
399_4.JPG,10
39_3.JPG,0
3_2.JPG,1
400_7.JPG,2
401_6.JPG,3
402_7.JPG,7
403_8.JPG,6
404_5.JPG,1
405_5.JPG,3
406_4.JPG,3
407_6.JPG,3
408_7.JPG,3
40_5.JPG,0
410_5.JPG,3
411_4.JPG,4
413_5.JPG,2
415_4.JPG,1
416_9.JPG,4
417_5.JPG,5
419_6.JPG,5
41_4.JPG,0
421_7.JPG,5
422_5.JPG,2
426_4.JPG,1
427_4.JPG,0
428_6.JPG,4
429_6.JPG,3
42_3.JPG,0
434_6.JPG,3
435_4.JPG,1
436_7.JPG,5
437_4.JPG,0
438_7.JPG,3
439_10.JPG,13
43_4.JPG,0
440_6.JPG,3
443_8.JPG,6
444_8.JPG,4
446_6.JPG,2
447_10.JPG,11
449_5.JPG,3
44_4.JPG,0
450_5.JPG,0
451_4.JPG,2
453_5.JPG,5
458_8.JPG,1
459_7.JPG,5
45_4.JPG,0
460_5.JPG,11
462_5.JPG,2
463_4.JPG,0
464_10.JPG,8
465_6.JPG,2
466_7.JPG,8
467_6.JPG,4
469_5.JPG,1
46_6.JPG,0
470_8.JPG,1
471_5.JPG,1
473_11.JPG,9
474_7.JPG,14
476_9.JPG,2
477_4.JPG,4
478_8.JPG,3
479_6.JPG,3
47_6.JPG,2
480_6.JPG,3
481_9.JPG,6
482_6.JPG,3
483_6.JPG,2
484_5.JPG,1
485_7.JPG,6
487_6.JPG,6
488_7.JPG,1
48_12.JPG,2
490_5.JPG,5
491_5.JPG,3
492_8.JPG,3
493_5.JPG,2
495_5.JPG,3
496_6.JPG,2
497_6.JPG,5
499_5.JPG,2
49_3.JPG,1
4_2.JPG,2
500_8.JPG,3
501_8.JPG,4
502_5.JPG,3
503_9.JPG,0
504_5.JPG,2
505_5.JPG,7
506_5.JPG,5
507_7.JPG,11
508_4.JPG,3
509_8.JPG,6
50_3.JPG,3
510_7.JPG,7
511_9.JPG,14
512_7.JPG,10
515_6.JPG,2
516_9.JPG,12
519_8.JPG,1
51_3.JPG,2
521_8.JPG,4
522_3.JPG,6
523_8.JPG,3
524_5.JPG,8
525_5.JPG,5
527_5.JPG,3
528_6.JPG,0
529_6.JPG,5
52_5.JPG,0
530_15.JPG,8
531_8.JPG,5
532_5.JPG,4
535_7.JPG,12
536_8.JPG,0
537_11.JPG,0
538_6.JPG,0
539_11.JPG,0
53_5.JPG,2
540_6.JPG,2
54_7.JPG,4
55_8.JPG,3
56_8.JPG,4
57_8.JPG,3
58_10.JPG,3
59_10.JPG,6
5_2.JPG,0
60_11.JPG,0
61_11.JPG,5
62_11.JPG,5
63_11.JPG,6
64_8.JPG,1
65_8.JPG,1
66_8.JPG,2
67_8.JPG,1
68_4.JPG,1
69_4.JPG,3
6_2.JPG,0
70_4.JPG,0
71_4.JPG,0
72_6.JPG,0
73_8.JPG,3
74_8.JPG,2
75_8.JPG,2
76_4.JPG,0
77_4.JPG,0
78_4.JPG,0
79_6.JPG,1
7_2.JPG,0
80_8.JPG,1
81_10.JPG,1
82_12.JPG,2
83_17.JPG,6
84_17.JPG,9
85_4.JPG,1
86_3.JPG,0
87_7.JPG,0
88_4.JPG,1
89_4.JPG,1
8_2.JPG,2
90_4.JPG,4
91_4.JPG,3
92_4.JPG,1
93_4.JPG,1
94_4.JPG,1
95_4.JPG,1
96_4.JPG,4
97_4.JPG,2
98_4.JPG,1
99_4.JPG,2
9_2.JPG,1
