image,Mser
100_4.JPG,5
101_7.JPG,6
102_8.JPG,8
103_8.JPG,3
104_6.JPG,2
105_6.JPG,2
106_6.JPG,7
107_8.JPG,13
108_4.JPG,6
109_4.JPG,5
10_2.JPG,3
110_4.JPG,5
111_2.JPG,2
112_4.JPG,3
113_4.JPG,0
114_5.JPG,1
115_5.JPG,0
116_5.JPG,0
117_5.JPG,0
118_4.JPG,0
119_4.JPG,4
11_2.JPG,2
120_6.JPG,5
121_4.JPG,5
122_3.JPG,3
123_6.JPG,5
12_2.JPG,2
13_2.JPG,3
14_2.JPG,2
154_6.JPG,4
155_6.JPG,10
156_3.JPG,1
157_13.JPG,28
158_5.JPG,5
159_7.JPG,10
15_2.JPG,2
160_6.JPG,4
161_6.JPG,1
162_9.JPG,5
163_8.JPG,11
164_6.JPG,9
165_20.JPG,4
166_5.JPG,9
167_7.JPG,15
168_5.JPG,1
169_7.JPG,18
16_2.JPG,2
170_5.JPG,9
171_5.JPG,8
172_8.JPG,11
173_5.JPG,3
174_5.JPG,2
175_6.JPG,10
176_4.JPG,1
177_12.JPG,8
178_9.JPG,6
179_10.JPG,7
17_2.JPG,1
180_14.JPG,23
181_12.JPG,3
182_11.JPG,89
183_11.JPG,7
184_7.jpg,47
185_12.JPG,1
186_12.JPG,1
187_21.JPG,6
188_6.JPG,8
189_5.JPG,13
18_2.JPG,1
190_25.jpg,7
191_7.JPG,6
192_4.JPG,1
199_15.JPG,28
19_2.JPG,3
1_2.JPG,4
201_10.JPG,16
202_4.JPG,7
203_7.JPG,10
204_12.JPG,23
205_7.JPG,11
206_8.JPG,3
207_5.JPG,4
208_5.JPG,10
20_6.JPG,6
211_6.JPG,10
213_5.JPG,16
216_6.JPG,9
218_5.JPG,9
219_6.JPG,8
21_2.JPG,2
223_5.JPG,10
224_8.JPG,13
226_7.JPG,6
227_6.JPG,16
228_7.JPG,12
229_6.JPG,8
22_2.JPG,1
230_6.JPG,5
231_6.JPG,5
232_4.JPG,4
234_6.JPG,12
235_4.JPG,7
236_5.JPG,7
237_6.JPG,11
238_9.JPG,5
239_4.JPG,7
23_2.JPG,1
241_4.JPG,1
242_4.JPG,1
245_6.JPG,7
246_6.JPG,6
247_5.JPG,8
24_6.JPG,4
253_5.JPG,7
256_7.JPG,3
257_5.JPG,6
258_7.JPG,5
259_6.JPG,10
25_2.JPG,3
263_6.JPG,8
264_5.JPG,21
265_7.JPG,8
266_4.JPG,11
267_4.JPG,5
268_4.JPG,5
269_8.JPG,7
26_2.JPG,1
270_7.JPG,31
271_9.JPG,4
273_10.JPG,18
275_6.JPG,12
276_7.JPG,9
277_4.JPG,5
27_2.JPG,5
282_21.JPG,20
283_7.JPG,17
284_6.JPG,9
285_5.JPG,7
286_6.JPG,1
287_21.JPG,17
28_2.JPG,1
290_5.JPG,8
291_12.JPG,12
292_6.JPG,3
293_9.JPG,10
294_12.JPG,1
295_11.JPG,19
296_5.JPG,16
297_2.JPG,1
298_3.JPG,1
299_8.JPG,3
29_2.JPG,6
2_2.JPG,2
300_5.JPG,7
301_6.JPG,6
302_9.JPG,5
304_6.JPG,8
308_6.JPG,12
309_6.JPG,3
30_2.JPG,3
310_6.JPG,13
313_5.JPG,3
314_6.JPG,6
315_6.JPG,4
316_8.JPG,5
317_6.JPG,10
318_6.JPG,6
319_5.JPG,8
31_3.JPG,3
324_5.JPG,9
325_6.JPG,6
326_5.JPG,7
327_9.JPG,39
328_5.JPG,12
329_6.JPG,5
32_6.JPG,1
331_7.JPG,14
332_6.JPG,5
333_9.JPG,29
334_3.JPG,4
335_4.JPG,5
336_6.JPG,7
337_7.JPG,7
339_5.JPG,4
33_6.JPG,5
340_5.JPG,28
342_4.JPG,2
343_9.JPG,13
345_8.JPG,18
346_7.JPG,10
347_9.JPG,17
348_5.JPG,5
349_8.JPG,2
34_3.JPG,2
350_7.JPG,8
351_2.JPG,0
352_9.JPG,8
353_5.JPG,9
354_6.JPG,12
356_6.JPG,8
357_4.JPG,0
358_2.JPG,0
359_7.JPG,14
35_3.JPG,3
360_2.JPG,0
361_8.JPG,14
362_3.JPG,5
363_6.JPG,10
364_7.JPG,5
365_9.JPG,11
366_5.JPG,9
367_3.JPG,4
368_5.JPG,4
36_3.JPG,1
370_7.JPG,19
373_2.JPG,4
374_4.JPG,7
375_3.JPG,11
376_4.JPG,3
377_6.JPG,9
378_7.JPG,8
379_6.JPG,5
37_3.JPG,3
381_2.JPG,17
382_3.JPG,4
383_8.JPG,27
384_11.JPG,3
385_6.JPG,4
386_8.JPG,22
387_5.JPG,2
388_4.JPG,1
389_12.JPG,23
38_3.JPG,4
390_5.JPG,8
392_5.JPG,24
393_12.JPG,26
394_5.JPG,12
395_8.JPG,7
397_6.JPG,20
398_3.JPG,1
399_4.JPG,31
39_3.JPG,0
3_2.JPG,2
400_7.JPG,12
401_6.JPG,10
402_7.JPG,9
403_8.JPG,14
404_5.JPG,6
405_5.JPG,9
406_4.JPG,11
407_6.JPG,18
408_7.JPG,9
40_5.JPG,1
410_5.JPG,9
411_4.JPG,6
413_5.JPG,2
415_4.JPG,6
416_9.JPG,11
417_5.JPG,12
419_6.JPG,8
41_4.JPG,1
421_7.JPG,10
422_5.JPG,5
426_4.JPG,4
427_4.JPG,0
428_6.JPG,8
429_6.JPG,10
42_3.JPG,3
434_6.JPG,11
435_4.JPG,7
436_7.JPG,5
437_4.JPG,1
438_7.JPG,9
439_10.JPG,16
43_4.JPG,2
440_6.JPG,16
443_8.JPG,8
444_8.JPG,14
446_6.JPG,10
447_10.JPG,32
449_5.JPG,12
44_4.JPG,1
450_5.JPG,17
451_4.JPG,1
453_5.JPG,9
458_8.JPG,2
459_7.JPG,8
45_4.JPG,1
460_5.JPG,9
462_5.JPG,7
463_4.JPG,5
464_10.JPG,17
465_6.JPG,11
466_7.JPG,14
467_6.JPG,12
469_5.JPG,5
46_6.JPG,2
470_8.JPG,2
471_5.JPG,3
473_11.JPG,13
474_7.JPG,5
476_9.JPG,5
477_4.JPG,5
478_8.JPG,8
479_6.JPG,11
47_6.JPG,9
480_6.JPG,9
481_9.JPG,22
482_6.JPG,8
483_6.JPG,5
484_5.JPG,6
485_7.JPG,8
487_6.JPG,10
488_7.JPG,3
48_12.JPG,4
490_5.JPG,9
491_5.JPG,9
492_8.JPG,11
493_5.JPG,6
495_5.JPG,6
496_6.JPG,7
497_6.JPG,11
499_5.JPG,9
49_3.JPG,1
4_2.JPG,2
500_8.JPG,11
501_8.JPG,10
502_5.JPG,5
503_9.JPG,12
504_5.JPG,1
505_5.JPG,15
506_5.JPG,5
507_7.JPG,16
508_4.JPG,13
509_8.JPG,16
50_3.JPG,3
510_7.JPG,11
511_9.JPG,41
512_7.JPG,19
515_6.JPG,5
516_9.JPG,16
519_8.JPG,3
51_3.JPG,5
521_8.JPG,32
522_3.JPG,22
523_8.JPG,12
524_5.JPG,7
525_5.JPG,13
527_5.JPG,12
528_6.JPG,7
529_6.JPG,12
52_5.JPG,1
530_15.JPG,36
531_8.JPG,7
532_5.JPG,17
535_7.JPG,27
536_8.JPG,1
537_11.JPG,1
538_6.JPG,1
539_11.JPG,1
53_5.JPG,6
540_6.JPG,50
54_7.JPG,7
55_8.JPG,10
56_8.JPG,10
57_8.JPG,12
58_10.JPG,6
59_10.JPG,8
5_2.JPG,0
60_11.JPG,0
61_11.JPG,12
62_11.JPG,10
63_11.JPG,11
64_8.JPG,2
65_8.JPG,5
66_8.JPG,11
67_8.JPG,7
68_4.JPG,3
69_4.JPG,6
6_2.JPG,1
70_4.JPG,0
71_4.JPG,0
72_6.JPG,1
73_8.JPG,6
74_8.JPG,3
75_8.JPG,6
76_4.JPG,2
77_4.JPG,0
78_4.JPG,0
79_6.JPG,3
7_2.JPG,3
80_8.JPG,2
81_10.JPG,1
82_12.JPG,3
83_17.JPG,8
84_17.JPG,10
85_4.JPG,4
86_3.JPG,0
87_7.JPG,0
88_4.JPG,4
89_4.JPG,8
8_2.JPG,3
90_4.JPG,7
91_4.JPG,3
92_4.JPG,2
93_4.JPG,4
94_4.JPG,4
95_4.JPG,4
96_4.JPG,5
97_4.JPG,6
98_4.JPG,4
99_4.JPG,3
9_2.JPG,1
